date,policy_rate,cpi_yoy,fx_reserves_sbp_bn,remittances_bn,current_account_mn,pkr_usd,brent_usd
2019-08-31,13.25,10.5,7.9,1.8,-600.0,158.5,59.0
2019-09-30,13.25,11.4,7.7,1.7,-260.0,156.2,62.8
2019-10-31,13.25,11.0,7.9,2.0,-300.0,155.9,59.7
2019-11-30,13.25,12.7,9.1,1.8,-320.0,154.9,63.2
2019-12-31,13.25,12.6,11.5,2.1,-200.0,155.0,67.3
2020-01-31,13.25,14.6,12.3,1.9,-210.0,154.4,63.7
2020-02-29,13.25,12.4,12.8,1.8,-240.0,154.2,55.7
2020-03-31,11.0,10.2,10.9,1.9,-180.0,167.5,32.0
2020-04-30,9.0,8.5,12.3,1.8,-600.0,160.7,18.4
2020-05-31,8.0,8.2,10.1,1.9,-100.0,162.0,29.4
2020-06-30,7.0,8.6,12.1,2.5,250.0,168.2,40.3
2020-07-31,7.0,9.3,12.5,2.77,420.0,168.0,43.2
2020-08-31,7.0,8.2,12.7,2.1,290.0,167.5,44.7
2020-09-30,7.0,9.0,12.2,2.3,80.0,166.0,41.5
2020-10-31,7.0,8.9,12.2,2.3,-80.0,161.5,40.2
2020-11-30,7.0,8.3,12.9,2.3,190.0,159.9,43.3
2020-12-31,7.0,8.0,13.0,2.4,-400.0,160.0,49.9
2021-01-31,7.0,5.7,13.0,2.3,-230.0,160.5,54.8
2021-02-28,7.0,8.7,12.9,2.3,-50.0,156.4,62.3
2021-03-31,7.0,9.1,13.5,2.7,-100.0,153.0,65.7
2021-04-30,7.0,11.1,16.4,2.8,200.0,152.5,65.0
2021-05-31,7.0,10.9,16.0,2.5,-640.0,153.5,68.5
2021-06-30,7.0,9.7,17.3,2.7,-1600.0,157.3,73.2
2021-07-31,7.0,8.4,17.5,2.7,-700.0,163.2,75.2
2021-08-31,7.0,8.4,20.1,2.7,-1500.0,165.2,70.7
2021-09-30,7.25,9.0,19.5,2.7,-1100.0,170.7,74.5
2021-10-31,7.25,9.2,17.5,2.5,-1800.0,171.5,83.5
2021-11-30,8.75,11.5,16.3,2.4,-1900.0,176.0,81.1
2021-12-31,9.75,12.3,17.7,2.5,-1900.0,176.5,74.3
2022-01-31,9.75,13.0,16.9,2.1,-2600.0,176.3,86.5
2022-02-28,9.75,12.2,16.2,2.2,-500.0,177.0,97.1
2022-03-31,9.75,12.7,12.0,2.8,-1000.0,183.5,117.3
2022-04-30,12.25,13.4,10.5,3.12,-600.0,185.0,104.6
2022-05-31,13.75,13.8,10.1,2.3,-1400.0,197.0,111.9
2022-06-30,13.75,21.3,9.8,2.8,-2300.0,204.9,117.5
2022-07-31,15.0,24.9,8.6,2.0,-1300.0,239.7,105.1
2022-08-31,15.0,27.3,7.9,2.7,-700.0,218.7,97.8
2022-09-30,15.0,23.2,7.6,2.4,-350.0,228.0,88.9
2022-10-31,15.0,26.6,7.4,2.2,-570.0,220.5,91.2
2022-11-30,16.0,23.8,7.5,2.1,-300.0,223.9,88.5
2022-12-31,16.0,24.5,5.6,2.0,-400.0,226.4,79.6
2023-01-31,17.0,27.6,3.7,1.9,-240.0,267.9,82.5
2023-02-28,17.0,31.5,3.8,1.99,-50.0,262.6,82.6
2023-03-31,20.0,35.4,4.2,2.5,750.0,283.8,78.4
2023-04-30,21.0,36.4,4.5,2.2,-30.0,283.9,84.6
2023-05-31,21.0,38.0,4.1,2.1,-100.0,285.5,75.5
2023-06-30,22.0,29.4,4.4,2.2,334.0,287.1,74.8
2023-07-31,22.0,28.3,8.2,2.0,-750.0,277.5,80.1
2023-08-31,22.0,27.4,7.8,2.1,-160.0,305.5,85.6
2023-09-30,22.0,31.4,7.6,2.2,-12.0,287.7,93.7
2023-10-31,22.0,26.9,7.5,2.5,55.0,278.0,90.6
2023-11-30,22.0,29.2,7.2,2.3,-160.0,285.5,82.9
2023-12-31,22.0,29.7,8.2,2.4,330.0,281.9,77.6
2024-01-31,22.0,28.3,8.0,2.4,-270.0,279.7,80.1
2024-02-29,22.0,23.1,7.9,2.2,-130.0,279.2,82.5
2024-03-31,22.0,20.7,8.0,2.95,363.0,278.2,84.7
2024-04-30,22.0,17.3,8.0,2.8,490.0,278.4,89.9
2024-05-31,22.0,11.8,9.1,3.2,-270.0,278.5,82.9
2024-06-30,20.5,12.6,9.4,3.2,-330.0,278.3,82.6
2024-07-31,19.5,11.1,9.0,3.0,-220.0,278.6,85.3
2024-08-31,19.5,9.6,9.5,2.9,50.0,278.5,80.9
2024-09-30,17.5,6.9,10.7,2.9,119.0,277.7,74.3
2024-10-31,17.5,7.2,11.2,3.1,340.0,277.8,75.4
2024-11-30,15.0,4.9,12.0,2.9,600.0,277.9,74.6
2024-12-31,13.0,4.1,11.7,3.08,-10.0,278.5,73.6
2025-01-31,12.0,2.4,11.4,3.0,420.0,279.0,78.3
2025-02-28,12.0,1.5,11.2,3.1,100.0,279.5,74.9
2025-03-31,12.0,0.7,10.6,4.1,1200.0,280.2,71.6
2025-04-30,12.0,0.3,10.2,3.6,-200.0,281.0,66.5
2025-05-31,11.0,3.5,11.5,3.7,-100.0,282.0,63.9
2025-06-30,11.0,3.2,14.5,3.4,330.0,283.5,69.8
2025-07-31,11.0,4.1,14.3,3.2,-200.0,284.0,70.6
2025-08-31,11.0,3.0,14.3,3.1,-100.0,283.5,66.8
2025-09-30,11.0,4.5,14.0,3.2,-150.0,282.5,67.5
2025-10-31,11.0,6.0,14.2,3.3,-150.0,282.0,64.5
2025-11-30,11.0,7.5,14.5,3.2,-200.0,282.0,63.5
2025-12-31,10.5,9.0,14.5,3.4,-200.0,282.5,62.5
2026-01-31,10.5,9.5,14.0,3.2,,282.5,
2026-02-28,10.5,10.5,14.0,3.2,,282.5,
2026-03-31,10.5,11.0,14.0,3.8,,283.0,
2026-04-30,11.5,10.9,14.0,3.4,,283.0,
2026-05-31,11.5,11.7,14.2,3.4,,283.0,
2026-06-30,11.5,11.1,14.5,3.5,,283.0,
2026-07-31,11.5,9.2,14.5,3.3,,283.0,
2026-08-31,11.5,,14.5,3.2,,283.0,
